name,start_time,end_time
Peter Parker,17.03.2023 18:00,17.03.2023 19:00
Rafael Nadal,20.03.2023 20:00,20.03.2023 21:30
Jerzy Janowicz,21.03.2023 15:00,21.03.2023 16:30
Rafael Nadal,21.03.2023 20:00,21.03.2023 21:30
Roger Federer,21.03.2023 21:30,21.03.2023 23:00
Jerzy Janowicz,22.03.2023 10:00,22.03.2023 11:30
Peter Parker,23.03.2023 10:00,23.03.2023 11:30
Roger Federer,23.03.2023 12:00,23.03.2023 13:30
Peter Parker,25.03.2023 15:30,25.03.2023 17:00
Jarosław Jarząbkowski,27.03.2023 20:00,27.03.2023 21:30
Peter Parker,28.03.2023 15:30,28.03.2023 17:00
Jeff Bezos,01.04.2023 13:30,01.04.2023 15:00
Peter Parker,01.04.2023 15:00,01.04.2023 16:30
